PRAGMA foreign_keys=OFF;
BEGIN TRANSACTION;
CREATE TABLE teams (
  id INTEGER PRIMARY KEY,
  name TEXT
);
INSERT INTO "teams" VALUES(1,'Amazon');
INSERT INTO "teams" VALUES(2,'Dropbox');
INSERT INTO "teams" VALUES(3,'Facebook');
INSERT INTO "teams" VALUES(4,'Google');
INSERT INTO "teams" VALUES(5,'Microsoft');
INSERT INTO "teams" VALUES(6,'Twitter');
INSERT INTO "teams" VALUES(7,'Yelp');
INSERT INTO "teams" VALUES(8,'Zynga');
CREATE TABLE players (
  id INTEGER PRIMARY KEY,
  team INTEGER,
  active INTEGER,
  name TEXT
);
INSERT INTO "players" VALUES(1,1,1,'AyeMeng.232');
INSERT INTO "players" VALUES(2,1,1,'Cicero.887');
INSERT INTO "players" VALUES(3,1,1,'Dasnor.732');
INSERT INTO "players" VALUES(4,1,1,'GuyWithName.563');
INSERT INTO "players" VALUES(5,1,1,'ITGER.297');
INSERT INTO "players" VALUES(6,1,1,'Metis.0');
INSERT INTO "players" VALUES(7,1,1,'MuffinTopper.974');
INSERT INTO "players" VALUES(8,1,1,'OVERLORD.221');
INSERT INTO "players" VALUES(9,1,1,'Penkin.739');
INSERT INTO "players" VALUES(10,1,1,'Radioactive.385');
INSERT INTO "players" VALUES(11,1,1,'Skynet.532');
INSERT INTO "players" VALUES(12,1,1,'SteelCurtain.0');
INSERT INTO "players" VALUES(13,1,1,'Void.293');
INSERT INTO "players" VALUES(14,2,1,'assmonger.0');
INSERT INTO "players" VALUES(15,2,1,'dareonion.350');
INSERT INTO "players" VALUES(16,2,1,'kmod.217');
INSERT INTO "players" VALUES(17,2,1,'sbartel.889');
INSERT INTO "players" VALUES(18,2,1,'talon.846');
INSERT INTO "players" VALUES(19,3,1,'Anxman.905');
INSERT INTO "players" VALUES(20,3,1,'Arcs.291');
INSERT INTO "players" VALUES(21,3,1,'bingobango.888');
INSERT INTO "players" VALUES(22,3,1,'endr.314');
INSERT INTO "players" VALUES(23,3,1,'icecreamboy.943');
INSERT INTO "players" VALUES(24,3,1,'JohnOldman.583');
INSERT INTO "players" VALUES(25,3,1,'tstanke.651');
INSERT INTO "players" VALUES(26,3,1,'WinkleToss.933');
INSERT INTO "players" VALUES(27,4,1,'Decon.254');
INSERT INTO "players" VALUES(28,4,1,'Gibybo.995');
INSERT INTO "players" VALUES(29,4,1,'HelloWorld.633');
INSERT INTO "players" VALUES(30,4,1,'KeTeKPi.165');
INSERT INTO "players" VALUES(31,4,1,'Kodansha.269');
INSERT INTO "players" VALUES(32,4,1,'MoRFy.462');
INSERT INTO "players" VALUES(33,4,1,'NexusOne.521');
INSERT INTO "players" VALUES(34,4,1,'steveo.145');
INSERT INTO "players" VALUES(35,4,1,'Tito.466');
INSERT INTO "players" VALUES(36,4,1,'tyir.697');
INSERT INTO "players" VALUES(37,5,1,'Aristotle.540');
INSERT INTO "players" VALUES(38,5,1,'Bey.411');
INSERT INTO "players" VALUES(39,5,1,'Cowsrule.312');
INSERT INTO "players" VALUES(40,5,1,'Dislyxec.446');
INSERT INTO "players" VALUES(41,5,1,'Djd.631');
INSERT INTO "players" VALUES(42,5,1,'MegumixBear.115');
INSERT INTO "players" VALUES(43,5,1,'NATO.575');
INSERT INTO "players" VALUES(44,5,1,'Perihelion.853');
INSERT INTO "players" VALUES(45,5,1,'Wardeath.426');
INSERT INTO "players" VALUES(46,5,1,'WIN.893');
INSERT INTO "players" VALUES(47,6,1,'arya.872');
INSERT INTO "players" VALUES(48,6,1,'ceaser.610');
INSERT INTO "players" VALUES(49,6,1,'chanian.284');
INSERT INTO "players" VALUES(50,6,1,'garru.912');
INSERT INTO "players" VALUES(51,6,1,'implausible.931');
INSERT INTO "players" VALUES(52,6,1,'twttrAA.317');
INSERT INTO "players" VALUES(53,6,1,'twttrCeaser.919');
INSERT INTO "players" VALUES(54,6,1,'twttrGarru.800');
INSERT INTO "players" VALUES(55,6,1,'twttrNvictus.909');
INSERT INTO "players" VALUES(56,6,1,'twttrSans.838');
INSERT INTO "players" VALUES(57,6,1,'TwttrXelnaga.0');
INSERT INTO "players" VALUES(58,6,1,'xelnaga.195');
INSERT INTO "players" VALUES(59,7,1,'Dude.513');
INSERT INTO "players" VALUES(60,7,1,'Hyro.256');
INSERT INTO "players" VALUES(61,7,1,'Kronus.219');
INSERT INTO "players" VALUES(62,7,1,'ohtoto.471');
INSERT INTO "players" VALUES(63,7,1,'Qentba.734');
INSERT INTO "players" VALUES(64,8,1,'CarloRossi.878');
INSERT INTO "players" VALUES(65,8,1,'Dash.102');
INSERT INTO "players" VALUES(66,8,1,'Fredo.746');
INSERT INTO "players" VALUES(67,8,1,'joolz.395');
INSERT INTO "players" VALUES(68,8,1,'NewBG.790');
INSERT INTO "players" VALUES(69,8,1,'Preposterous.925');
INSERT INTO "players" VALUES(70,8,1,'ShamWOW.657');
INSERT INTO "players" VALUES(71,8,1,'sickiggy.854');
INSERT INTO "players" VALUES(72,8,1,'Tuer.456');
CREATE TABLE matches (
  week INTEGER,
  match_number INTEGER,
  home_team INTEGER,
  away_team INTEGER,
  PRIMARY KEY (week, match_number)
);
INSERT INTO "matches" VALUES(1,1,6,8);
INSERT INTO "matches" VALUES(1,2,3,2);
INSERT INTO "matches" VALUES(1,3,7,1);
INSERT INTO "matches" VALUES(1,4,5,4);
INSERT INTO "matches" VALUES(2,1,2,6);
INSERT INTO "matches" VALUES(2,2,8,1);
INSERT INTO "matches" VALUES(2,3,3,4);
INSERT INTO "matches" VALUES(2,4,7,5);
INSERT INTO "matches" VALUES(3,1,6,1);
INSERT INTO "matches" VALUES(3,2,2,4);
INSERT INTO "matches" VALUES(3,3,8,5);
INSERT INTO "matches" VALUES(3,4,3,7);
INSERT INTO "matches" VALUES(4,1,4,6);
INSERT INTO "matches" VALUES(4,2,1,5);
INSERT INTO "matches" VALUES(4,3,2,7);
INSERT INTO "matches" VALUES(4,4,8,3);
INSERT INTO "matches" VALUES(5,1,6,5);
INSERT INTO "matches" VALUES(5,2,4,7);
INSERT INTO "matches" VALUES(5,3,1,3);
INSERT INTO "matches" VALUES(5,4,2,8);
INSERT INTO "matches" VALUES(6,1,7,6);
INSERT INTO "matches" VALUES(6,2,5,3);
INSERT INTO "matches" VALUES(6,3,4,8);
INSERT INTO "matches" VALUES(6,4,1,2);
INSERT INTO "matches" VALUES(7,1,6,3);
INSERT INTO "matches" VALUES(7,2,7,8);
INSERT INTO "matches" VALUES(7,3,5,2);
INSERT INTO "matches" VALUES(7,4,4,1);
CREATE TABLE maps (
  week INTEGER,
  set_number INTEGER,
  mapname TEXT,
  PRIMARY KEY (week, set_number)
);
INSERT INTO "maps" VALUES(1,1,'Xel''Naga Caverns');
INSERT INTO "maps" VALUES(1,2,'Tal''Darim Altar');
INSERT INTO "maps" VALUES(1,3,'Backwater Gulch');
INSERT INTO "maps" VALUES(1,4,'Metalopolis');
INSERT INTO "maps" VALUES(1,5,'Shattered Temple');
INSERT INTO "maps" VALUES(2,1,'Shakuras Plateau');
INSERT INTO "maps" VALUES(2,2,'Xel''Naga Caverns');
INSERT INTO "maps" VALUES(2,3,'Typhon Peaks');
INSERT INTO "maps" VALUES(2,4,'Metalopolis');
INSERT INTO "maps" VALUES(2,5,'Tal''Darim Altar');
INSERT INTO "maps" VALUES(3,1,'Metalopolis');
INSERT INTO "maps" VALUES(3,2,'Typhon Peaks');
INSERT INTO "maps" VALUES(3,3,'Shattered Temple');
INSERT INTO "maps" VALUES(3,4,'Shakuras Plateau');
INSERT INTO "maps" VALUES(3,5,'Backwater Gulch');
INSERT INTO "maps" VALUES(4,1,'Backwater Gulch');
INSERT INTO "maps" VALUES(4,2,'Shattered Temple');
INSERT INTO "maps" VALUES(4,3,'Tal''Darim Altar');
INSERT INTO "maps" VALUES(4,4,'Typhon Peaks');
INSERT INTO "maps" VALUES(4,5,'Shakuras Plateau');
INSERT INTO "maps" VALUES(5,1,'Shattered Temple');
INSERT INTO "maps" VALUES(5,2,'Backwater Gulch');
INSERT INTO "maps" VALUES(5,3,'Xel''Naga Caverns');
INSERT INTO "maps" VALUES(5,4,'Tal''Darim Altar');
INSERT INTO "maps" VALUES(5,5,'Typhon Peaks');
INSERT INTO "maps" VALUES(6,1,'Shakuras Plateau');
INSERT INTO "maps" VALUES(6,2,'Shattered Temple');
INSERT INTO "maps" VALUES(6,3,'Backwater Gulch');
INSERT INTO "maps" VALUES(6,4,'Xel''Naga Caverns');
INSERT INTO "maps" VALUES(6,5,'Metalopolis');
INSERT INTO "maps" VALUES(7,1,'Typhon Peaks');
INSERT INTO "maps" VALUES(7,2,'Metalopolis');
INSERT INTO "maps" VALUES(7,3,'Tal''Darim Altar');
INSERT INTO "maps" VALUES(7,4,'Shakuras Plateau');
INSERT INTO "maps" VALUES(7,5,'Xel''Naga Caverns');
CREATE TABLE lineup (
  week INTEGER,
  team INTEGER,
  set_number INTEGER,
  player INTEGER,
  race TEXT,
  PRIMARY KEY (week, team, set_number)
);
INSERT INTO "lineup" VALUES(1,1,1,7,'P');
INSERT INTO "lineup" VALUES(1,1,2,3,'Z');
INSERT INTO "lineup" VALUES(1,1,3,12,'T');
INSERT INTO "lineup" VALUES(1,1,4,11,'Z');
INSERT INTO "lineup" VALUES(1,2,1,16,'Z');
INSERT INTO "lineup" VALUES(1,2,2,14,'T');
INSERT INTO "lineup" VALUES(1,2,3,15,'T');
INSERT INTO "lineup" VALUES(1,2,4,17,'P');
INSERT INTO "lineup" VALUES(1,3,1,24,'Z');
INSERT INTO "lineup" VALUES(1,3,2,25,'P');
INSERT INTO "lineup" VALUES(1,3,3,21,'Z');
INSERT INTO "lineup" VALUES(1,3,4,23,'Z');
INSERT INTO "lineup" VALUES(1,4,1,35,'Z');
INSERT INTO "lineup" VALUES(1,4,2,32,'Z');
INSERT INTO "lineup" VALUES(1,4,3,29,'Z');
INSERT INTO "lineup" VALUES(1,4,4,33,'T');
INSERT INTO "lineup" VALUES(1,5,1,43,'T');
INSERT INTO "lineup" VALUES(1,5,2,39,'Z');
INSERT INTO "lineup" VALUES(1,5,3,38,'T');
INSERT INTO "lineup" VALUES(1,5,4,42,'P');
INSERT INTO "lineup" VALUES(1,6,1,51,'P');
INSERT INTO "lineup" VALUES(1,6,2,58,'Z');
INSERT INTO "lineup" VALUES(1,6,3,48,'P');
INSERT INTO "lineup" VALUES(1,6,4,47,'P');
INSERT INTO "lineup" VALUES(1,7,1,63,'T');
INSERT INTO "lineup" VALUES(1,7,2,60,'P');
INSERT INTO "lineup" VALUES(1,7,3,62,'Z');
INSERT INTO "lineup" VALUES(1,7,4,61,'P');
INSERT INTO "lineup" VALUES(1,8,1,70,'Z');
INSERT INTO "lineup" VALUES(1,8,2,67,'P');
INSERT INTO "lineup" VALUES(1,8,3,69,'Z');
INSERT INTO "lineup" VALUES(1,8,4,66,'Z');
INSERT INTO "lineup" VALUES(2,1,1,3,'Z');
INSERT INTO "lineup" VALUES(2,1,2,4,'P');
INSERT INTO "lineup" VALUES(2,1,3,8,'T');
INSERT INTO "lineup" VALUES(2,1,4,5,'P');
INSERT INTO "lineup" VALUES(2,2,1,14,'T');
INSERT INTO "lineup" VALUES(2,2,2,16,'Z');
INSERT INTO "lineup" VALUES(2,2,3,15,'T');
INSERT INTO "lineup" VALUES(2,2,4,17,'P');
INSERT INTO "lineup" VALUES(2,3,1,24,'Z');
INSERT INTO "lineup" VALUES(2,3,2,23,'Z');
INSERT INTO "lineup" VALUES(2,3,3,21,'Z');
INSERT INTO "lineup" VALUES(2,3,4,19,'P');
INSERT INTO "lineup" VALUES(2,4,1,33,'T');
INSERT INTO "lineup" VALUES(2,4,2,31,'T');
INSERT INTO "lineup" VALUES(2,4,3,29,'Z');
INSERT INTO "lineup" VALUES(2,4,4,35,'Z');
INSERT INTO "lineup" VALUES(2,5,1,46,'P');
INSERT INTO "lineup" VALUES(2,5,2,40,'P');
INSERT INTO "lineup" VALUES(2,5,3,37,'Z');
INSERT INTO "lineup" VALUES(2,5,4,45,'T');
INSERT INTO "lineup" VALUES(2,6,1,51,'P');
INSERT INTO "lineup" VALUES(2,6,2,48,'P');
INSERT INTO "lineup" VALUES(2,6,3,47,'P');
INSERT INTO "lineup" VALUES(2,6,4,50,'T');
INSERT INTO "lineup" VALUES(2,7,1,60,'P');
INSERT INTO "lineup" VALUES(2,7,2,62,'Z');
INSERT INTO "lineup" VALUES(2,7,3,63,'T');
INSERT INTO "lineup" VALUES(2,7,4,61,'P');
INSERT INTO "lineup" VALUES(2,8,1,69,'Z');
INSERT INTO "lineup" VALUES(2,8,2,66,'Z');
INSERT INTO "lineup" VALUES(2,8,3,67,'P');
INSERT INTO "lineup" VALUES(2,8,4,72,'Z');
INSERT INTO "lineup" VALUES(3,1,1,3,'Z');
INSERT INTO "lineup" VALUES(3,1,2,6,'T');
INSERT INTO "lineup" VALUES(3,1,3,4,'P');
INSERT INTO "lineup" VALUES(3,1,4,10,'Z');
INSERT INTO "lineup" VALUES(3,2,1,17,'P');
INSERT INTO "lineup" VALUES(3,2,2,18,'T');
INSERT INTO "lineup" VALUES(3,2,3,16,'Z');
INSERT INTO "lineup" VALUES(3,2,4,14,'T');
INSERT INTO "lineup" VALUES(3,3,1,19,'P');
INSERT INTO "lineup" VALUES(3,3,2,22,'T');
INSERT INTO "lineup" VALUES(3,3,3,25,'P');
INSERT INTO "lineup" VALUES(3,3,4,20,'P');
INSERT INTO "lineup" VALUES(3,4,1,31,'T');
INSERT INTO "lineup" VALUES(3,4,2,33,'T');
INSERT INTO "lineup" VALUES(3,4,3,29,'Z');
INSERT INTO "lineup" VALUES(3,4,4,32,'Z');
INSERT INTO "lineup" VALUES(3,5,1,42,'Z');
INSERT INTO "lineup" VALUES(3,5,2,39,'Z');
INSERT INTO "lineup" VALUES(3,5,3,43,'T');
INSERT INTO "lineup" VALUES(3,5,4,38,'T');
INSERT INTO "lineup" VALUES(3,6,1,47,'P');
INSERT INTO "lineup" VALUES(3,6,2,48,'P');
INSERT INTO "lineup" VALUES(3,6,3,51,'P');
INSERT INTO "lineup" VALUES(3,6,4,49,'P');
INSERT INTO "lineup" VALUES(3,7,1,62,'Z');
INSERT INTO "lineup" VALUES(3,7,2,61,'P');
INSERT INTO "lineup" VALUES(3,7,3,60,'P');
INSERT INTO "lineup" VALUES(3,7,4,63,'T');
INSERT INTO "lineup" VALUES(3,8,1,70,'Z');
INSERT INTO "lineup" VALUES(3,8,2,67,'P');
INSERT INTO "lineup" VALUES(3,8,3,66,'Z');
INSERT INTO "lineup" VALUES(3,8,4,69,'Z');
INSERT INTO "lineup" VALUES(4,1,1,4,'P');
INSERT INTO "lineup" VALUES(4,1,2,5,'P');
INSERT INTO "lineup" VALUES(4,1,3,6,'T');
INSERT INTO "lineup" VALUES(4,1,4,7,'P');
INSERT INTO "lineup" VALUES(4,2,1,17,'P');
INSERT INTO "lineup" VALUES(4,2,2,18,'T');
INSERT INTO "lineup" VALUES(4,2,3,16,'Z');
INSERT INTO "lineup" VALUES(4,2,4,14,'T');
INSERT INTO "lineup" VALUES(4,3,1,24,'Z');
INSERT INTO "lineup" VALUES(4,3,2,22,'T');
INSERT INTO "lineup" VALUES(4,3,3,25,'P');
INSERT INTO "lineup" VALUES(4,3,4,23,'Z');
INSERT INTO "lineup" VALUES(4,4,1,29,'Z');
INSERT INTO "lineup" VALUES(4,4,2,34,'Z');
INSERT INTO "lineup" VALUES(4,4,3,33,'T');
INSERT INTO "lineup" VALUES(4,4,4,28,'P');
INSERT INTO "lineup" VALUES(4,5,1,42,'Z');
INSERT INTO "lineup" VALUES(4,5,2,41,'T');
INSERT INTO "lineup" VALUES(4,5,3,39,'Z');
INSERT INTO "lineup" VALUES(4,5,4,37,'Z');
INSERT INTO "lineup" VALUES(4,6,1,55,'P');
INSERT INTO "lineup" VALUES(4,6,2,53,'P');
INSERT INTO "lineup" VALUES(4,6,3,54,'T');
INSERT INTO "lineup" VALUES(4,6,4,47,'P');
INSERT INTO "lineup" VALUES(4,7,1,61,'P');
INSERT INTO "lineup" VALUES(4,7,2,62,'Z');
INSERT INTO "lineup" VALUES(4,7,3,60,'P');
INSERT INTO "lineup" VALUES(4,7,4,63,'T');
INSERT INTO "lineup" VALUES(4,8,1,69,'Z');
INSERT INTO "lineup" VALUES(4,8,2,67,'P');
INSERT INTO "lineup" VALUES(4,8,3,70,'Z');
INSERT INTO "lineup" VALUES(4,8,4,66,'Z');
INSERT INTO "lineup" VALUES(5,1,1,13,'T');
INSERT INTO "lineup" VALUES(5,1,2,11,'Z');
INSERT INTO "lineup" VALUES(5,1,3,1,'P');
INSERT INTO "lineup" VALUES(5,1,4,2,'P');
INSERT INTO "lineup" VALUES(5,2,1,17,'P');
INSERT INTO "lineup" VALUES(5,2,2,14,'T');
INSERT INTO "lineup" VALUES(5,2,3,16,'Z');
INSERT INTO "lineup" VALUES(5,2,4,15,'T');
INSERT INTO "lineup" VALUES(5,3,1,23,'Z');
INSERT INTO "lineup" VALUES(5,3,2,24,'Z');
INSERT INTO "lineup" VALUES(5,3,3,20,'P');
INSERT INTO "lineup" VALUES(5,3,4,21,'Z');
INSERT INTO "lineup" VALUES(5,4,1,32,'Z');
INSERT INTO "lineup" VALUES(5,4,2,27,'Z');
INSERT INTO "lineup" VALUES(5,4,3,36,'Z');
INSERT INTO "lineup" VALUES(5,4,4,30,'T');
INSERT INTO "lineup" VALUES(5,5,1,45,'T');
INSERT INTO "lineup" VALUES(5,5,2,43,'T');
INSERT INTO "lineup" VALUES(5,5,3,44,'T');
INSERT INTO "lineup" VALUES(5,5,4,38,'T');
INSERT INTO "lineup" VALUES(5,6,1,55,'P');
INSERT INTO "lineup" VALUES(5,6,2,52,'P');
INSERT INTO "lineup" VALUES(5,6,3,53,'P');
INSERT INTO "lineup" VALUES(5,6,4,56,'P');
INSERT INTO "lineup" VALUES(5,7,1,62,'Z');
INSERT INTO "lineup" VALUES(5,7,2,61,'P');
INSERT INTO "lineup" VALUES(5,7,3,60,'P');
INSERT INTO "lineup" VALUES(5,7,4,63,'T');
INSERT INTO "lineup" VALUES(5,8,1,67,'P');
INSERT INTO "lineup" VALUES(5,8,2,70,'Z');
INSERT INTO "lineup" VALUES(5,8,3,72,'Z');
INSERT INTO "lineup" VALUES(5,8,4,66,'Z');
INSERT INTO "lineup" VALUES(6,1,1,2,'P');
INSERT INTO "lineup" VALUES(6,1,2,4,'P');
INSERT INTO "lineup" VALUES(6,1,3,7,'P');
INSERT INTO "lineup" VALUES(6,1,4,13,'T');
INSERT INTO "lineup" VALUES(6,2,1,17,'P');
INSERT INTO "lineup" VALUES(6,2,2,16,'Z');
INSERT INTO "lineup" VALUES(6,2,3,15,'T');
INSERT INTO "lineup" VALUES(6,2,4,14,'T');
INSERT INTO "lineup" VALUES(6,3,1,23,'Z');
INSERT INTO "lineup" VALUES(6,3,2,26,'P');
INSERT INTO "lineup" VALUES(6,3,3,19,'P');
INSERT INTO "lineup" VALUES(6,3,4,24,'Z');
INSERT INTO "lineup" VALUES(6,4,1,29,'Z');
INSERT INTO "lineup" VALUES(6,4,2,32,'Z');
INSERT INTO "lineup" VALUES(6,4,3,33,'T');
INSERT INTO "lineup" VALUES(6,4,4,36,'Z');
INSERT INTO "lineup" VALUES(6,5,1,44,'T');
INSERT INTO "lineup" VALUES(6,5,2,41,'T');
INSERT INTO "lineup" VALUES(6,5,3,42,'Z');
INSERT INTO "lineup" VALUES(6,5,4,38,'T');
INSERT INTO "lineup" VALUES(6,6,1,53,'P');
INSERT INTO "lineup" VALUES(6,6,2,56,'P');
INSERT INTO "lineup" VALUES(6,6,3,54,'T');
INSERT INTO "lineup" VALUES(6,6,4,52,'P');
INSERT INTO "lineup" VALUES(6,7,1,62,'Z');
INSERT INTO "lineup" VALUES(6,7,2,60,'P');
INSERT INTO "lineup" VALUES(6,7,3,63,'T');
INSERT INTO "lineup" VALUES(6,7,4,61,'P');
INSERT INTO "lineup" VALUES(6,8,1,67,'P');
INSERT INTO "lineup" VALUES(6,8,2,70,'Z');
INSERT INTO "lineup" VALUES(6,8,3,69,'Z');
INSERT INTO "lineup" VALUES(6,8,4,66,'Z');
INSERT INTO "lineup" VALUES(7,1,1,9,'P');
INSERT INTO "lineup" VALUES(7,1,2,10,'Z');
INSERT INTO "lineup" VALUES(7,1,3,2,'P');
INSERT INTO "lineup" VALUES(7,1,4,1,'P');
INSERT INTO "lineup" VALUES(7,2,1,16,'Z');
INSERT INTO "lineup" VALUES(7,2,2,17,'P');
INSERT INTO "lineup" VALUES(7,2,3,15,'T');
INSERT INTO "lineup" VALUES(7,2,4,14,'T');
INSERT INTO "lineup" VALUES(7,3,1,24,'Z');
INSERT INTO "lineup" VALUES(7,3,2,26,'P');
INSERT INTO "lineup" VALUES(7,3,3,25,'P');
INSERT INTO "lineup" VALUES(7,3,4,21,'Z');
INSERT INTO "lineup" VALUES(7,4,1,36,'Z');
INSERT INTO "lineup" VALUES(7,4,2,27,'Z');
INSERT INTO "lineup" VALUES(7,4,3,29,'Z');
INSERT INTO "lineup" VALUES(7,4,4,32,'Z');
INSERT INTO "lineup" VALUES(7,5,1,40,'P');
INSERT INTO "lineup" VALUES(7,5,2,41,'T');
INSERT INTO "lineup" VALUES(7,5,3,37,'Z');
INSERT INTO "lineup" VALUES(7,5,4,46,'P');
INSERT INTO "lineup" VALUES(7,6,1,52,'P');
INSERT INTO "lineup" VALUES(7,6,2,53,'P');
INSERT INTO "lineup" VALUES(7,6,3,57,'Z');
INSERT INTO "lineup" VALUES(7,6,4,55,'P');
INSERT INTO "lineup" VALUES(7,7,1,63,'T');
INSERT INTO "lineup" VALUES(7,7,2,62,'Z');
INSERT INTO "lineup" VALUES(7,7,3,60,'P');
INSERT INTO "lineup" VALUES(7,7,4,59,'T');
INSERT INTO "lineup" VALUES(7,8,1,71,'P');
INSERT INTO "lineup" VALUES(7,8,2,65,'P');
INSERT INTO "lineup" VALUES(7,8,3,64,'T');
INSERT INTO "lineup" VALUES(7,8,4,68,'P');
CREATE TABLE set_results (
  week INTEGER,
  match_number INTEGER,
  set_number INTEGER,
  home_winner INTEGER,
  away_winner INTEGER,
  forfeit INTEGER,
  replay_hash TEXT,
  PRIMARY KEY (week, match_number, set_number)
);
CREATE TABLE actual_set_results (
  week INTEGER,
  match_number INTEGER,
  set_number INTEGER,
  home_winner INTEGER,
  away_winner INTEGER,
  forfeit INTEGER,
  replay_hash TEXT,
  PRIMARY KEY (week, match_number, set_number)
);
INSERT INTO "actual_set_results" VALUES(1,1,1,1,0,0,'0a86ae4bdd07afda1398e12565f4c593dbc5e200');
INSERT INTO "actual_set_results" VALUES(1,1,2,0,1,0,'6b7608f6c92833c53da1718bc3597ca6ca95332f');
INSERT INTO "actual_set_results" VALUES(1,1,3,0,1,0,'286d054fc82dfe4644d7635add78c6aab03842c0');
INSERT INTO "actual_set_results" VALUES(1,1,4,0,1,0,'09d49b460f69986db98852c1b94f1b561e83f54c');
INSERT INTO "actual_set_results" VALUES(1,1,5,0,0,0,NULL);
INSERT INTO "actual_set_results" VALUES(1,2,1,1,0,0,'c4dd1a4d3ed9d8b90917f1fc48084ddb84dc2653');
INSERT INTO "actual_set_results" VALUES(1,2,2,0,1,0,'03608d6862f5b5244d7eb2b79a232b8cfacc2815');
INSERT INTO "actual_set_results" VALUES(1,2,3,0,1,0,'f3bbe1cdcdb37f32708f6422359b2a0108bf53be');
INSERT INTO "actual_set_results" VALUES(1,2,4,0,1,0,'c8c2dcace415267a3283cf5c61956d385476fb2b');
INSERT INTO "actual_set_results" VALUES(1,2,5,0,0,0,NULL);
INSERT INTO "actual_set_results" VALUES(1,3,1,0,1,0,'3474d1a6bba661488b05b6a5b603980a1fdc52d5');
INSERT INTO "actual_set_results" VALUES(1,3,2,0,1,0,'fbd604c243fa40465e039909d5a618e9435e8837');
INSERT INTO "actual_set_results" VALUES(1,3,3,0,1,0,'4973dd09807f1ffba7c22e7f87ff8acf1254444e');
INSERT INTO "actual_set_results" VALUES(1,3,4,0,0,0,NULL);
INSERT INTO "actual_set_results" VALUES(1,3,5,0,0,0,NULL);
INSERT INTO "actual_set_results" VALUES(1,4,1,1,0,0,'ecfe0678765be7448334880bd65005c9d4c3972e');
INSERT INTO "actual_set_results" VALUES(1,4,2,0,1,0,'3467f6c2a8b6a29bcbda09aea84f198e651116e5');
INSERT INTO "actual_set_results" VALUES(1,4,3,1,0,0,'b52b38786f3b37ba54673402806d7cb70b14dd69');
INSERT INTO "actual_set_results" VALUES(1,4,4,0,1,0,'a287a602dd4075f28862d0c03af270d7ed8ad248');
INSERT INTO "actual_set_results" VALUES(1,4,5,1,0,0,'f411ed43cb4e7c712a3192becb220e27d19f5654');
INSERT INTO "actual_set_results" VALUES(2,1,1,0,1,0,'5b56a14d521a01b19cf20c9ded9cf495be37245e');
INSERT INTO "actual_set_results" VALUES(2,1,2,1,0,0,'97823fa011b72742e96e699703684042f690f206');
INSERT INTO "actual_set_results" VALUES(2,1,3,0,1,0,'37b738ff46f38978a2c8ff9a5a9f67d83960e77b');
INSERT INTO "actual_set_results" VALUES(2,1,4,0,1,0,'c4e370bff1469527d07514b4c4c0b80c93088ba9');
INSERT INTO "actual_set_results" VALUES(2,1,5,0,0,0,NULL);
INSERT INTO "actual_set_results" VALUES(2,2,1,0,1,0,'2d92d2afd3d147fa03384efeb38ad22640940df4');
INSERT INTO "actual_set_results" VALUES(2,2,2,0,1,0,'09157467e4c4c890c44b670448deb5b467d1c7c6');
INSERT INTO "actual_set_results" VALUES(2,2,3,1,0,0,'1332429c8a3c9207def42fd4f5c7f8d5d388827d');
INSERT INTO "actual_set_results" VALUES(2,2,4,1,0,0,'ad4a5617e85afcd5cd37d1050651a1246a4c57ee');
INSERT INTO "actual_set_results" VALUES(2,2,5,0,1,0,'80e0550500783077c0a357cc6c9eb88a17014859');
INSERT INTO "actual_set_results" VALUES(2,3,1,1,0,0,'a989fb26ace4dc2553676f2912953290917b80fd');
INSERT INTO "actual_set_results" VALUES(2,3,2,0,1,0,'e6a31bff164c357e952f67788d81cbae787bdb4e');
INSERT INTO "actual_set_results" VALUES(2,3,3,1,0,0,'250926c6f9b40e9d8d9857ca65ecc1fbf63a4176');
INSERT INTO "actual_set_results" VALUES(2,3,4,0,1,0,'fe61fc4221a2406d70c9cc663a0febe2cd81bf78');
INSERT INTO "actual_set_results" VALUES(2,3,5,0,1,0,'ef867f5376f92b570a66255b675bdc9b48c0cb82');
INSERT INTO "actual_set_results" VALUES(2,4,1,0,1,0,'e1145dc464d2659ae16463f2a5de6da4c8e6a454');
INSERT INTO "actual_set_results" VALUES(2,4,2,0,1,0,'5042ab339039329f7d7b84962d4880030daf8076');
INSERT INTO "actual_set_results" VALUES(2,4,3,0,1,0,'0a0f712347e37b27e97c9211cf6bbb10bbd705cc');
INSERT INTO "actual_set_results" VALUES(2,4,4,0,1,0,'d28c7c79bd8a6cb282605ac489c9cba7e48e26b7');
INSERT INTO "actual_set_results" VALUES(2,4,5,0,0,0,NULL);
INSERT INTO "actual_set_results" VALUES(3,1,1,0,1,0,'1b6f2cd403cda5c97b23cc13104f13caeadf6d42');
INSERT INTO "actual_set_results" VALUES(3,1,2,1,0,0,'14af599bdbfe65bbedaab1f5f5c3e303b131205e');
INSERT INTO "actual_set_results" VALUES(3,1,3,0,1,0,'9ebd28a4578d425174a87122deddec469a0f4998');
INSERT INTO "actual_set_results" VALUES(3,1,4,0,1,0,'d63eb278554c041def494b7f4844773996f441e0');
INSERT INTO "actual_set_results" VALUES(3,1,5,0,0,0,NULL);
INSERT INTO "actual_set_results" VALUES(3,2,1,0,1,0,'99789ba700e46bfded004f79e6b0a1ea4392e48c');
INSERT INTO "actual_set_results" VALUES(3,2,2,0,1,0,'fff377ac2f91682933dcaf74df3158253582f165');
INSERT INTO "actual_set_results" VALUES(3,2,3,1,0,0,'623536929aa8708390a2b87d6c11fa0b63aec180');
INSERT INTO "actual_set_results" VALUES(3,2,4,0,1,0,'1e513427163b1e703b8e25538fab108b25ccb4d2');
INSERT INTO "actual_set_results" VALUES(3,2,5,0,0,0,NULL);
INSERT INTO "actual_set_results" VALUES(3,3,1,0,1,0,'5be3725c554467ed0b8936e180a5b21d427ffc18');
INSERT INTO "actual_set_results" VALUES(3,3,2,0,1,0,'900867ee8c609067b4bbc93a11b07c2da9b35b51');
INSERT INTO "actual_set_results" VALUES(3,3,3,0,1,0,'d1cd129e79befe3e6440ef442f4fb687df07e91c');
INSERT INTO "actual_set_results" VALUES(3,3,4,0,0,0,NULL);
INSERT INTO "actual_set_results" VALUES(3,3,5,0,0,0,NULL);
INSERT INTO "actual_set_results" VALUES(3,4,1,0,1,0,'026ac74f536e8295f0ef1186f024a0c98cf63bd8');
INSERT INTO "actual_set_results" VALUES(3,4,2,1,0,0,'111b8b71156b2c747432953221f9478863e95772');
INSERT INTO "actual_set_results" VALUES(3,4,3,1,0,0,'0165a72a8427aa70bfa46358922376e6ecaba3cf');
INSERT INTO "actual_set_results" VALUES(3,4,4,1,0,0,'ef64f2b3ad62d6bb345da54e961058b4870046e4');
INSERT INTO "actual_set_results" VALUES(3,4,5,0,0,0,NULL);
INSERT INTO "actual_set_results" VALUES(4,1,1,1,0,0,'051ee65ee52082a8a19276d3ae593b925950c869');
INSERT INTO "actual_set_results" VALUES(4,1,2,1,0,0,'d42ffd57953503239142c07adab16041e2690b52');
INSERT INTO "actual_set_results" VALUES(4,1,3,1,0,0,'9042ae723eb54e2bfd3365059bef0e7d3f6638c3');
INSERT INTO "actual_set_results" VALUES(4,1,4,0,0,0,NULL);
INSERT INTO "actual_set_results" VALUES(4,1,5,0,0,0,NULL);
INSERT INTO "actual_set_results" VALUES(4,2,1,0,1,0,'3249052050c8f3d9f2fa7d7273cac85697e1b6c4');
INSERT INTO "actual_set_results" VALUES(4,2,2,0,1,0,'2143e25f28828bfca6433ca5595243da447866ab');
INSERT INTO "actual_set_results" VALUES(4,2,3,0,1,0,'28676dab4a234f7ef4e8ca1a68412c3fb5148a3e');
INSERT INTO "actual_set_results" VALUES(4,2,4,0,0,0,NULL);
INSERT INTO "actual_set_results" VALUES(4,2,5,0,0,0,NULL);
INSERT INTO "actual_set_results" VALUES(4,3,1,1,0,0,'21037281c6b2a203d4ac5d71c1f8c352284dc19d');
INSERT INTO "actual_set_results" VALUES(4,3,2,1,0,0,'979d6c9c0a114280c4775a86236dce4f408fa974');
INSERT INTO "actual_set_results" VALUES(4,3,3,0,1,0,'a88c7bb7315cd194df02b34d64b890d707ca7811');
INSERT INTO "actual_set_results" VALUES(4,3,4,1,0,0,'fd65a72de344239e2098b7d2da709c11bbc002aa');
INSERT INTO "actual_set_results" VALUES(4,3,5,0,0,0,NULL);
INSERT INTO "actual_set_results" VALUES(4,4,1,1,0,0,'dcc8ea527cffa83246b9784263a1f563ee005466');
INSERT INTO "actual_set_results" VALUES(4,4,2,1,0,0,'9b0fdcf8ad07237063e3fe6fe74f447a1ea4c159');
INSERT INTO "actual_set_results" VALUES(4,4,3,1,0,0,'6804fd90bf53882b7f2bab1966021e86e86e34c9');
INSERT INTO "actual_set_results" VALUES(4,4,4,0,0,0,'1e27835d81fcf2be006be6a4f6fe2adafed19d73');
INSERT INTO "actual_set_results" VALUES(4,4,5,0,0,0,NULL);
INSERT INTO "actual_set_results" VALUES(5,1,1,1,0,0,'8d43592c600193c3fe27da64d0bc609dc6309e0e');
INSERT INTO "actual_set_results" VALUES(5,1,2,1,0,0,'1078dec788305c980772b029d711f2aaf15ac367');
INSERT INTO "actual_set_results" VALUES(5,1,3,0,1,0,'3df5ddab60e4a0876eaf7b736a09d0e6da30a5e1');
INSERT INTO "actual_set_results" VALUES(5,1,4,0,1,0,'6babf2e42db52106db1c7a17a9a4893d16474013');
INSERT INTO "actual_set_results" VALUES(5,1,5,0,1,0,'c19643e1b93dfca00142d5701aa26c962b1ccf5e');
INSERT INTO "actual_set_results" VALUES(5,2,1,1,0,0,'2f677ef8d20b1aaf9b274df8a4256ef8cfc8eeee');
INSERT INTO "actual_set_results" VALUES(5,2,2,1,0,0,'1456abde9b4f6ac1f5f99e57e532c1a672f0c375');
INSERT INTO "actual_set_results" VALUES(5,2,3,1,0,0,'185d36591caf137cd651e42f2d269ccaf1d0ec09');
INSERT INTO "actual_set_results" VALUES(5,2,4,0,0,0,NULL);
INSERT INTO "actual_set_results" VALUES(5,2,5,0,0,0,NULL);
INSERT INTO "actual_set_results" VALUES(5,3,1,0,1,0,'91a95a2c4181b432a45bb11d3eb23bd49341df4f');
INSERT INTO "actual_set_results" VALUES(5,3,2,0,1,0,'7dcb12834d7941b0901fc043f16deb2d6dc32bac');
INSERT INTO "actual_set_results" VALUES(5,3,3,1,0,0,'f253da107e0b86963a88b5e8717bf05363c4e6c2');
INSERT INTO "actual_set_results" VALUES(5,3,4,1,0,0,'f274373c94faa13ccb8c44fb4df89ede3268def0');
INSERT INTO "actual_set_results" VALUES(5,3,5,1,0,0,'270e810f36bbe060f3295df4705fab9e2d544c59');
INSERT INTO "actual_set_results" VALUES(5,4,1,0,1,0,'2027bbc9096cdd28eccba4a108d8d321414fa84e');
INSERT INTO "actual_set_results" VALUES(5,4,2,0,1,1,NULL);
INSERT INTO "actual_set_results" VALUES(5,4,3,0,1,0,'e0522d9a3ef52027d72f833b7ef2e100bdc98742');
INSERT INTO "actual_set_results" VALUES(5,4,4,0,1,0,'0ede5d14ba2536931606f38b92fa69aac532f8d0');
INSERT INTO "actual_set_results" VALUES(5,4,5,0,0,0,NULL);
INSERT INTO "actual_set_results" VALUES(6,1,1,0,1,0,'68cae0a7d5a09ff85d7338d3a5fa23a53b493e2d');
INSERT INTO "actual_set_results" VALUES(6,1,2,1,0,0,'0f48f811fe3bf4a1bcee7b16f17ad54652894813');
INSERT INTO "actual_set_results" VALUES(6,1,3,0,1,0,'f95e3816487b49da7f2be9e26438f2298191d084');
INSERT INTO "actual_set_results" VALUES(6,1,4,0,1,0,'cf17cf73f052ad4baa49c66cfc0de866e5b6281c');
INSERT INTO "actual_set_results" VALUES(6,1,5,0,0,0,NULL);
INSERT INTO "actual_set_results" VALUES(6,2,1,1,0,0,'d546423fef3d861365b5cadbce9fde8adbd1de95');
INSERT INTO "actual_set_results" VALUES(6,2,2,0,1,0,'c060d56d395daebc07ab42507e891c2a63bc5a62');
INSERT INTO "actual_set_results" VALUES(6,2,3,1,0,0,'93d168e1c86569c31bcfba7b00f5b8c2dc42599d');
INSERT INTO "actual_set_results" VALUES(6,2,4,1,0,0,'78b934af3cb99b31f7f8a1169a40f2ff7f22ec85');
INSERT INTO "actual_set_results" VALUES(6,2,5,0,0,0,NULL);
INSERT INTO "actual_set_results" VALUES(6,3,1,0,1,0,'b75bdd08bdc78d5fb151c95c598e2409db869d82');
INSERT INTO "actual_set_results" VALUES(6,3,2,0,1,0,'ca8116c4bfcb8ff51842099c70acf02afc34fa46');
INSERT INTO "actual_set_results" VALUES(6,3,3,1,0,0,'bd04006cd99743a96867149988b5186523e9d170');
INSERT INTO "actual_set_results" VALUES(6,3,4,0,1,0,'dfc58a23fc851eefbf37284de28c406949b65779');
INSERT INTO "actual_set_results" VALUES(6,3,5,0,0,0,NULL);
INSERT INTO "actual_set_results" VALUES(6,4,1,1,0,0,'20c111a9f942f83413e6e864105c69c157e08a78');
INSERT INTO "actual_set_results" VALUES(6,4,2,0,1,0,'dafbda7f932f0124d5c408f782348cfe140ab6b5');
INSERT INTO "actual_set_results" VALUES(6,4,3,0,1,0,'a0f092f974f9d85046e0085aca247b235dafd1b9');
INSERT INTO "actual_set_results" VALUES(6,4,4,1,0,0,'d664ad0bd17c163fdf60c0b53bd7b59b395832b7');
INSERT INTO "actual_set_results" VALUES(6,4,5,1,0,0,'d2179b9de2b1145d7b330b2b6bf59096fb291334');
INSERT INTO "actual_set_results" VALUES(7,1,1,0,1,0,'b34e9e6265b91ff1d9af785fbf08c165de2cf7bf');
INSERT INTO "actual_set_results" VALUES(7,1,2,0,1,0,'90c7d96c83f0790773ca115d1c79363570cdfd09');
INSERT INTO "actual_set_results" VALUES(7,1,3,1,0,0,'1c5356f06d9757bb4fb1acc0a3bb3fc6c663e065');
INSERT INTO "actual_set_results" VALUES(7,1,4,1,0,0,'7ea6082af7a1ab3b7b8a43e41be7c131021f77e5');
INSERT INTO "actual_set_results" VALUES(7,1,5,1,0,0,'a8094cbffe0998ace43dedb2f10802e8d52284d4');
INSERT INTO "actual_set_results" VALUES(7,2,1,0,1,0,'061f12e355fdcd760951d063287bffef7b351d11');
INSERT INTO "actual_set_results" VALUES(7,2,2,0,1,0,'b319874df056949361f6985427225aecf74b8076');
INSERT INTO "actual_set_results" VALUES(7,2,3,1,0,0,'5144c9c6bd32f095d6fc6da472db6a922182acdc');
INSERT INTO "actual_set_results" VALUES(7,2,4,0,1,1,NULL);
INSERT INTO "actual_set_results" VALUES(7,2,5,0,0,0,NULL);
INSERT INTO "actual_set_results" VALUES(7,3,1,1,0,0,'f444ffe41f32e1d59e75a7ff8ae3b3013ecf8850');
INSERT INTO "actual_set_results" VALUES(7,3,2,1,0,0,'91454487d91ac7e241e1ea790a982d1dbdc88c0d');
INSERT INTO "actual_set_results" VALUES(7,3,3,1,0,0,'714bd07b03a8fd4f3969a26823e3d4a0cb7eb49d');
INSERT INTO "actual_set_results" VALUES(7,3,4,0,0,0,NULL);
INSERT INTO "actual_set_results" VALUES(7,3,5,0,0,0,NULL);
INSERT INTO "actual_set_results" VALUES(7,4,1,1,0,0,'af6979a9c6d5e8806d763338403b5397ac7cbde1');
INSERT INTO "actual_set_results" VALUES(7,4,2,1,0,0,'f0a86633b9944d1af517b9d098189bd33212e8fc');
INSERT INTO "actual_set_results" VALUES(7,4,3,1,0,0,'d8c3a73f6a5821e114393f87990e2c0a8d588d35');
INSERT INTO "actual_set_results" VALUES(7,4,4,1,0,0,'4c8ef7a5a20f758305883e19c8dd4e4d4967e61d');
INSERT INTO "actual_set_results" VALUES(7,4,5,0,0,0,NULL);
COMMIT;
